{"cameraMode":{"drawMode":0,"name":"Shaded","section":"Shading Mode"},"sceneLighting":false,"audioPlay":false,"sceneViewState":{"showFog":true,"showMaterialUpdate":false,"showSkybox":false,"showFlares":true,"showImageEffects":true,"showParticleSystems":true},"in2DMode":false,"pivot":{"x":-11.049712181091309,"y":-10.049650192260743,"z":0.17941468954086305},"rotation":{"x":-0.050176575779914859,"y":0.7176381349563599,"z":-0.0519811250269413,"w":-0.692672073841095},"size":9.280685424804688,"orthographic":false}